https://www.indeed.com/viewjob?jk=ce792ffe3516dbcb,15
https://www.indeed.com/viewjob?jk=55bafeb7da5d7a88,14
https://www.indeed.com/viewjob?jk=dd6e44c3a06ac2ef,13
https://www.indeed.com/viewjob?jk=5b93f4c3b487db60,11
https://www.indeed.com/viewjob?jk=f0cbb09c11e2dc70,10
https://www.indeed.com/viewjob?jk=b6908d68124944cd,9
https://www.indeed.com/viewjob?jk=44874367bc27b2e5,9
https://www.indeed.com/viewjob?jk=979d2f135ac52bc6,7
https://www.indeed.com/viewjob?jk=8360950b94d84179,7
https://www.indeed.com/viewjob?jk=a332f4202d08f525,7
https://www.indeed.com/viewjob?jk=8d34830272d89397,7
https://www.indeed.com/viewjob?jk=1b2e3009183bc88f,7
https://www.indeed.com/viewjob?jk=d018d37386520ba0,7
https://www.indeed.com/viewjob?jk=2f7abf85e97e417b,6
https://www.indeed.com/viewjob?jk=063bb60cb95bb5de,6
https://www.indeed.com/viewjob?jk=8a93a33ba4ed2e27,6
https://www.indeed.com/viewjob?jk=5aa18e0d7c3445fa,6
https://www.indeed.com/viewjob?jk=eb79f098575a5a26,5
https://www.indeed.com/viewjob?jk=a69c4101e5d315e9,5
https://www.indeed.com/viewjob?jk=563aa2484edbf9de,5
https://www.indeed.com/viewjob?jk=b5e64f9d56154f87,5
https://www.indeed.com/viewjob?jk=f836642dba89e28e,5
https://www.indeed.com/viewjob?jk=bd14acc4ebe668d5,5
https://www.indeed.com/viewjob?jk=1dc79bc3e944925b,4
https://www.indeed.com/viewjob?jk=00646d880a6f5c4a,4
https://www.indeed.com/viewjob?jk=fef976090afbc674,4
https://www.indeed.com/viewjob?jk=544f6fbe71d526fa,4
https://www.indeed.com/viewjob?jk=48d45200f2105922,4
https://www.indeed.com/viewjob?jk=6a2345aa2affc77e,4
https://www.indeed.com/viewjob?jk=959d97c3f848471c,4
https://www.indeed.com/viewjob?jk=d4fe3ae2d0af76d2,4
https://www.indeed.com/viewjob?jk=51964a7661d3f59e,3
https://www.indeed.com/viewjob?jk=d6d29b1de3338e60,3
https://www.indeed.com/viewjob?jk=924958c44e2f9a06,3
https://www.indeed.com/viewjob?jk=d2f21b8cc9cbaa7f,3
https://www.indeed.com/viewjob?jk=fb8e0dd37f742d81,3
https://www.indeed.com/viewjob?jk=78c4d57d59fc7c5f,3
https://www.indeed.com/viewjob?jk=85d8a208d30ae808,3
https://www.indeed.com/viewjob?jk=49b1d20279f85f7c,3
https://www.indeed.com/viewjob?jk=09bb8a9e2177b518,3
https://www.indeed.com/viewjob?jk=4143011649995932,3
https://www.indeed.com/viewjob?jk=3dd53d46e7eba12e,3
https://www.indeed.com/viewjob?jk=2cee32fa85ff129e,3
https://www.indeed.com/viewjob?jk=5af891124e50d613,3
https://www.indeed.com/viewjob?jk=77fac9c1c915f820,3
https://www.indeed.com/viewjob?jk=ee879c7e3845fcf8,3
https://www.indeed.com/viewjob?jk=5cdc1eda11f0a0f7,3
https://www.indeed.com/viewjob?jk=91780ecb49e30e31,3
https://www.indeed.com/viewjob?jk=b5e61a4c0d57a67f,2
https://www.indeed.com/viewjob?jk=34f5f9e228aadd05,2
https://www.indeed.com/viewjob?jk=ac61b17c8f716126,2
https://www.indeed.com/viewjob?jk=7ac785e3fa58435b,2
https://www.indeed.com/viewjob?jk=7a9070c718e33ac1,2
https://www.indeed.com/viewjob?jk=b4809384a47f0d94,2
https://www.indeed.com/viewjob?jk=07e8ea45bfb1410e,2
https://www.indeed.com/viewjob?jk=7f6d892ba3e5e052,2
https://www.indeed.com/viewjob?jk=5ed1cadd93a3548e,2
https://www.indeed.com/viewjob?jk=befc432ba400ff16,2
https://www.indeed.com/viewjob?jk=ed8e2c614e52e5f2,2
https://www.indeed.com/viewjob?jk=7fa9dab93135e96c,2
https://www.indeed.com/viewjob?jk=bb1fa7b73259cf2c,2
https://www.indeed.com/viewjob?jk=5bfe7f083f4f3b05,2
https://www.indeed.com/viewjob?jk=bcc3198b2ca77ebe,2
https://www.indeed.com/viewjob?jk=f536244fcf80a9b3,2
https://www.indeed.com/viewjob?jk=697d4b4b9cc6cada,2
https://www.indeed.com/viewjob?jk=90fd3eb447f7b040,2
https://www.indeed.com/viewjob?jk=bb30514317acbcb8,2
https://www.indeed.com/viewjob?jk=f7562e18ae2ba162,2
https://www.indeed.com/viewjob?jk=9740f71aa503b910,2
https://www.indeed.com/viewjob?jk=641deeba60f12725,1
https://www.indeed.com/viewjob?jk=662f6529345c3d8d,1
https://www.indeed.com/viewjob?jk=a4c6e8725280caea,1
https://www.indeed.com/viewjob?jk=cd86a8205bbfbdd3,1
https://www.indeed.com/viewjob?jk=91d9b5f28980a149,1
https://www.indeed.com/viewjob?jk=60be44df487fbe94,1
https://www.indeed.com/viewjob?jk=acc80acd4513049c,1
https://www.indeed.com/viewjob?jk=562f51a13e1822cd,1
https://www.indeed.com/viewjob?jk=1f6a8820eeb86518,1
https://www.indeed.com/viewjob?jk=76cc14318334c9d7,1
https://www.indeed.com/viewjob?jk=4f000504d3ce6f12,1
https://www.indeed.com/viewjob?jk=697febb11de5e62d,1
https://www.indeed.com/viewjob?jk=8bc7875082428f99,1
https://www.indeed.com/viewjob?jk=99c956c84913afbc,1
https://www.indeed.com/viewjob?jk=824d3a195f432ff7,1
https://www.indeed.com/viewjob?jk=870dcc784bad34b6,1
https://www.indeed.com/viewjob?jk=6b9e245f0e60a07e,1
https://www.indeed.com/viewjob?jk=5d65d6d57a4d4e59,1
https://www.indeed.com/viewjob?jk=52d13bbc8c05f582,1
https://www.indeed.com/viewjob?jk=1086496d4059ebe2,1
https://www.indeed.com/viewjob?jk=c1b70547bca086fb,1
https://www.indeed.com/viewjob?jk=521b44dc2f394692,1
https://www.indeed.com/viewjob?jk=cdce372097f4cd8b,0
https://www.indeed.com/viewjob?jk=937ccc5aa13824ff,0
https://www.indeed.com/viewjob?jk=da03f30e9ead136c,0
https://www.indeed.com/viewjob?jk=dd1bdfc574842fd4,0
https://www.indeed.com/viewjob?jk=872fcd9fb2a742df,0
https://www.indeed.com/viewjob?jk=dbc98fe19b111e82,0
https://www.indeed.com/viewjob?jk=cbe325eef78ede90,0
https://www.indeed.com/viewjob?jk=ecf0efec118bc7e4,0
https://www.indeed.com/viewjob?jk=,0
https://www.indeed.com/viewjob?jk=cf2ae0f55fff5b9d,0
https://www.indeed.com/viewjob?jk=60dc7a45d2ed973b,0
https://www.indeed.com/viewjob?jk=47a55e3bb30474f4,0
https://www.indeed.com/viewjob?jk=b3bca6bab1868c8c,0
https://www.indeed.com/viewjob?jk=800d0476db359ccd,0
https://www.indeed.com/viewjob?jk=637932f484044d82,0
https://www.indeed.com/viewjob?jk=2733b18669001544,0
https://www.indeed.com/viewjob?jk=64e1cebb8a8327f0,0
https://www.indeed.com/viewjob?jk=2c7d0bcd1a6c5cea,0
https://www.indeed.com/viewjob?jk=def2b3fe4fc7d187,0
https://www.indeed.com/viewjob?jk=27e53d8befc4904b,0
https://www.indeed.com/viewjob?jk=bb5b8b42b747a1f2,0
